{
	"start":	{
		"connected":	[{
				"socket":	5,
				"local_host":	"127.0.0.1",
				"local_port":	39694,
				"remote_host":	"127.0.0.1",
				"remote_port":	4040
			}],
		"version":	"iperf 3.7",
		"system_info":	"Linux nil 5.4.0-73-generic #82-Ubuntu SMP Wed Apr 14 17:39:42 UTC 2021 x86_64",
		"timestamp":	{
			"time":	"Fri, 28 May 2021 12:45:56 GMT",
			"timesecs":	1622205956
		},
		"connecting_to":	{
			"host":	"127.0.0.1",
			"port":	4040
		},
		"cookie":	"x6r6rqdug6oqk4fcdzienvnffjjll6jsapsm",
		"tcp_mss_default":	32768,
		"target_bitrate":	5000000000,
		"sock_bufsize":	0,
		"sndbuf_actual":	16384,
		"rcvbuf_actual":	131072,
		"test_start":	{
			"protocol":	"TCP",
			"num_streams":	1,
			"blksize":	131072,
			"omit":	0,
			"duration":	10,
			"bytes":	0,
			"blocks":	0,
			"reverse":	0,
			"tos":	0
		}
	},
	"intervals":	[{
			"streams":	[{
					"socket":	5,
					"start":	0,
					"end":	1.00006,
					"seconds":	1.000059962272644,
					"bytes":	624558080,
					"bits_per_second":	4996165058.588582,
					"retransmits":	0,
					"snd_cwnd":	1440626,
					"rtt":	32,
					"rttvar":	14,
					"pmtu":	65535,
					"omitted":	false,
					"sender":	true
				}],
			"sum":	{
				"start":	0,
				"end":	1.00006,
				"seconds":	1.000059962272644,
				"bytes":	624558080,
				"bits_per_second":	4996165058.588582,
				"retransmits":	0,
				"omitted":	false,
				"sender":	true
			}
		}, {
			"streams":	[{
					"socket":	5,
					"start":	1.00006,
					"end":	2.000115,
					"seconds":	1.0000549554824829,
					"bytes":	624951296,
					"bits_per_second":	4999335627.0985184,
					"retransmits":	0,
					"snd_cwnd":	1440626,
					"rtt":	33,
					"rttvar":	15,
					"pmtu":	65535,
					"omitted":	false,
					"sender":	true
				}],
			"sum":	{
				"start":	1.00006,
				"end":	2.000115,
				"seconds":	1.0000549554824829,
				"bytes":	624951296,
				"bits_per_second":	4999335627.0985184,
				"retransmits":	0,
				"omitted":	false,
				"sender":	true
			}
		}, {
			"streams":	[{
					"socket":	5,
					"start":	2.000115,
					"end":	3.000115,
					"seconds":	1,
					"bytes":	625082368,
					"bits_per_second":	5000658944,
					"retransmits":	0,
					"snd_cwnd":	1440626,
					"rtt":	34,
					"rttvar":	18,
					"pmtu":	65535,
					"omitted":	false,
					"sender":	true
				}],
			"sum":	{
				"start":	2.000115,
				"end":	3.000115,
				"seconds":	1,
				"bytes":	625082368,
				"bits_per_second":	5000658944,
				"retransmits":	0,
				"omitted":	false,
				"sender":	true
			}
		}, {
			"streams":	[{
					"socket":	5,
					"start":	3.000115,
					"end":	4.000067,
					"seconds":	0.99995201826095581,
					"bytes":	625344512,
					"bits_per_second":	5002996148.4556341,
					"retransmits":	0,
					"snd_cwnd":	1440626,
					"rtt":	100,
					"rttvar":	7,
					"pmtu":	65535,
					"omitted":	false,
					"sender":	true
				}],
			"sum":	{
				"start":	3.000115,
				"end":	4.000067,
				"seconds":	0.99995201826095581,
				"bytes":	625344512,
				"bits_per_second":	5002996148.4556341,
				"retransmits":	0,
				"omitted":	false,
				"sender":	true
			}
		}, {
			"streams":	[{
					"socket":	5,
					"start":	4.000067,
					"end":	5.000085,
					"seconds":	1.0000180006027222,
					"bytes":	625082368,
					"bits_per_second":	5000568930.7452927,
					"retransmits":	0,
					"snd_cwnd":	1506109,
					"rtt":	104,
					"rttvar":	11,
					"pmtu":	65535,
					"omitted":	false,
					"sender":	true
				}],
			"sum":	{
				"start":	4.000067,
				"end":	5.000085,
				"seconds":	1.0000180006027222,
				"bytes":	625082368,
				"bits_per_second":	5000568930.7452927,
				"retransmits":	0,
				"omitted":	false,
				"sender":	true
			}
		}, {
			"streams":	[{
					"socket":	5,
					"start":	5.000085,
					"end":	6.000127,
					"seconds":	1.0000419616699219,
					"bytes":	624427008,
					"bits_per_second":	4995206456.7954683,
					"retransmits":	0,
					"snd_cwnd":	1702558,
					"rtt":	89,
					"rttvar":	11,
					"pmtu":	65535,
					"omitted":	false,
					"sender":	true
				}],
			"sum":	{
				"start":	5.000085,
				"end":	6.000127,
				"seconds":	1.0000419616699219,
				"bytes":	624427008,
				"bits_per_second":	4995206456.7954683,
				"retransmits":	0,
				"omitted":	false,
				"sender":	true
			}
		}, {
			"streams":	[{
					"socket":	5,
					"start":	6.000127,
					"end":	7.000121,
					"seconds":	0.99999397993087769,
					"bytes":	625082368,
					"bits_per_second":	5000689048.4937315,
					"retransmits":	0,
					"snd_cwnd":	1702558,
					"rtt":	94,
					"rttvar":	8,
					"pmtu":	65535,
					"omitted":	false,
					"sender":	true
				}],
			"sum":	{
				"start":	6.000127,
				"end":	7.000121,
				"seconds":	0.99999397993087769,
				"bytes":	625082368,
				"bits_per_second":	5000689048.4937315,
				"retransmits":	0,
				"omitted":	false,
				"sender":	true
			}
		}, {
			"streams":	[{
					"socket":	5,
					"start":	7.000121,
					"end":	8.00014,
					"seconds":	1.0000189542770386,
					"bytes":	624951296,
					"bits_per_second":	4999515605.7961493,
					"retransmits":	0,
					"snd_cwnd":	1702558,
					"rtt":	93,
					"rttvar":	9,
					"pmtu":	65535,
					"omitted":	false,
					"sender":	true
				}],
			"sum":	{
				"start":	7.000121,
				"end":	8.00014,
				"seconds":	1.0000189542770386,
				"bytes":	624951296,
				"bits_per_second":	4999515605.7961493,
				"retransmits":	0,
				"omitted":	false,
				"sender":	true
			}
		}, {
			"streams":	[{
					"socket":	5,
					"start":	8.00014,
					"end":	9.000098,
					"seconds":	0.99995797872543335,
					"bytes":	625082368,
					"bits_per_second":	5000869086.892972,
					"retransmits":	0,
					"snd_cwnd":	1702558,
					"rtt":	20,
					"rttvar":	4,
					"pmtu":	65535,
					"omitted":	false,
					"sender":	true
				}],
			"sum":	{
				"start":	8.00014,
				"end":	9.000098,
				"seconds":	0.99995797872543335,
				"bytes":	625082368,
				"bits_per_second":	5000869086.892972,
				"retransmits":	0,
				"omitted":	false,
				"sender":	true
			}
		}, {
			"streams":	[{
					"socket":	5,
					"start":	9.000098,
					"end":	10.000135,
					"seconds":	1.0000369548797607,
					"bytes":	624951296,
					"bits_per_second":	4999425614.8275309,
					"retransmits":	0,
					"snd_cwnd":	1702558,
					"rtt":	32,
					"rttvar":	13,
					"pmtu":	65535,
					"omitted":	false,
					"sender":	true
				}],
			"sum":	{
				"start":	9.000098,
				"end":	10.000135,
				"seconds":	1.0000369548797607,
				"bytes":	624951296,
				"bits_per_second":	4999425614.8275309,
				"retransmits":	0,
				"omitted":	false,
				"sender":	true
			}
		}],
	"end":	{
		"streams":	[{
				"sender":	{
					"socket":	5,
					"start":	0,
					"end":	10.000135,
					"seconds":	10.000135,
					"bytes":	6249512960,
					"bits_per_second":	4999542874.1711988,
					"retransmits":	0,
					"max_snd_cwnd":	1702558,
					"max_rtt":	104,
					"min_rtt":	20,
					"mean_rtt":	63,
					"sender":	true
				},
				"receiver":	{
					"socket":	5,
					"start":	0,
					"end":	10.000154,
					"seconds":	10.000135,
					"bytes":	6249512960,
					"bits_per_second":	4999533375.1860218,
					"sender":	true
				}
			}],
		"sum_sent":	{
			"start":	0,
			"end":	10.000135,
			"seconds":	10.000135,
			"bytes":	6249512960,
			"bits_per_second":	4999542874.1711988,
			"retransmits":	0,
			"sender":	true
		},
		"sum_received":	{
			"start":	0,
			"end":	10.000154,
			"seconds":	10.000154,
			"bytes":	6249512960,
			"bits_per_second":	4999533375.1860218,
			"sender":	true
		},
		"cpu_utilization_percent":	{
			"host_total":	36.586624008160754,
			"host_user":	0.47418215046117113,
			"host_system":	36.112441857699586,
			"remote_total":	3.7401331118466432,
			"remote_user":	0.43330401507746269,
			"remote_system":	3.30682773641952
		},
		"sender_tcp_congestion":	"cubic",
		"receiver_tcp_congestion":	"cubic"
	}
}
