{
	"start":	{
		"connected":	[{
				"socket":	5,
				"local_host":	"127.0.0.1",
				"local_port":	38918,
				"remote_host":	"127.0.0.1",
				"remote_port":	4040
			}],
		"version":	"iperf 3.7",
		"system_info":	"Linux nil 5.4.0-73-generic #82-Ubuntu SMP Wed Apr 14 17:39:42 UTC 2021 x86_64",
		"timestamp":	{
			"time":	"Fri, 28 May 2021 12:22:19 GMT",
			"timesecs":	1622204539
		},
		"connecting_to":	{
			"host":	"127.0.0.1",
			"port":	4040
		},
		"cookie":	"tjhjte6fib3qceasqnsi3qdcidzhy3vv46hz",
		"tcp_mss_default":	32768,
		"target_bitrate":	5000000000,
		"sock_bufsize":	0,
		"sndbuf_actual":	16384,
		"rcvbuf_actual":	131072,
		"test_start":	{
			"protocol":	"TCP",
			"num_streams":	1,
			"blksize":	131072,
			"omit":	0,
			"duration":	10,
			"bytes":	0,
			"blocks":	0,
			"reverse":	0,
			"tos":	0
		}
	},
	"intervals":	[{
			"streams":	[{
					"socket":	5,
					"start":	0,
					"end":	1.000138,
					"seconds":	1.0001380443572998,
					"bytes":	624558080,
					"bits_per_second":	4995775001.45071,
					"retransmits":	0,
					"snd_cwnd":	982245,
					"rtt":	99,
					"rttvar":	11,
					"pmtu":	65535,
					"omitted":	false,
					"sender":	true
				}],
			"sum":	{
				"start":	0,
				"end":	1.000138,
				"seconds":	1.0001380443572998,
				"bytes":	624558080,
				"bits_per_second":	4995775001.45071,
				"retransmits":	0,
				"omitted":	false,
				"sender":	true
			}
		}, {
			"streams":	[{
					"socket":	5,
					"start":	1.000138,
					"end":	2.00014,
					"seconds":	1.0000020265579224,
					"bytes":	625082368,
					"bits_per_second":	5000648809.8955374,
					"retransmits":	0,
					"snd_cwnd":	1440626,
					"rtt":	89,
					"rttvar":	19,
					"pmtu":	65535,
					"omitted":	false,
					"sender":	true
				}],
			"sum":	{
				"start":	1.000138,
				"end":	2.00014,
				"seconds":	1.0000020265579224,
				"bytes":	625082368,
				"bits_per_second":	5000648809.8955374,
				"retransmits":	0,
				"omitted":	false,
				"sender":	true
			}
		}, {
			"streams":	[{
					"socket":	5,
					"start":	2.00014,
					"end":	3.000108,
					"seconds":	0.99996799230575562,
					"bytes":	624951296,
					"bits_per_second":	4999770399.1222277,
					"retransmits":	0,
					"snd_cwnd":	1440626,
					"rtt":	26,
					"rttvar":	4,
					"pmtu":	65535,
					"omitted":	false,
					"sender":	true
				}],
			"sum":	{
				"start":	2.00014,
				"end":	3.000108,
				"seconds":	0.99996799230575562,
				"bytes":	624951296,
				"bits_per_second":	4999770399.1222277,
				"retransmits":	0,
				"omitted":	false,
				"sender":	true
			}
		}, {
			"streams":	[{
					"socket":	5,
					"start":	3.000108,
					"end":	4.000108,
					"seconds":	1,
					"bytes":	624951296,
					"bits_per_second":	4999610368,
					"retransmits":	0,
					"snd_cwnd":	1440626,
					"rtt":	32,
					"rttvar":	16,
					"pmtu":	65535,
					"omitted":	false,
					"sender":	true
				}],
			"sum":	{
				"start":	3.000108,
				"end":	4.000108,
				"seconds":	1,
				"bytes":	624951296,
				"bits_per_second":	4999610368,
				"retransmits":	0,
				"omitted":	false,
				"sender":	true
			}
		}, {
			"streams":	[{
					"socket":	5,
					"start":	4.000108,
					"end":	5.000108,
					"seconds":	1,
					"bytes":	624951296,
					"bits_per_second":	4999610368,
					"retransmits":	0,
					"snd_cwnd":	1440626,
					"rtt":	32,
					"rttvar":	20,
					"pmtu":	65535,
					"omitted":	false,
					"sender":	true
				}],
			"sum":	{
				"start":	4.000108,
				"end":	5.000108,
				"seconds":	1,
				"bytes":	624951296,
				"bits_per_second":	4999610368,
				"retransmits":	0,
				"omitted":	false,
				"sender":	true
			}
		}, {
			"streams":	[{
					"socket":	5,
					"start":	5.000108,
					"end":	6.000129,
					"seconds":	1.0000209808349609,
					"bytes":	625082368,
					"bits_per_second":	5000554028.2012215,
					"retransmits":	0,
					"snd_cwnd":	1440626,
					"rtt":	94,
					"rttvar":	19,
					"pmtu":	65535,
					"omitted":	false,
					"sender":	true
				}],
			"sum":	{
				"start":	5.000108,
				"end":	6.000129,
				"seconds":	1.0000209808349609,
				"bytes":	625082368,
				"bits_per_second":	5000554028.2012215,
				"retransmits":	0,
				"omitted":	false,
				"sender":	true
			}
		}, {
			"streams":	[{
					"socket":	5,
					"start":	6.000129,
					"end":	7.000078,
					"seconds":	0.99994897842407227,
					"bytes":	625344512,
					"bits_per_second":	5003011357.5238457,
					"retransmits":	0,
					"snd_cwnd":	1440626,
					"rtt":	93,
					"rttvar":	12,
					"pmtu":	65535,
					"omitted":	false,
					"sender":	true
				}],
			"sum":	{
				"start":	6.000129,
				"end":	7.000078,
				"seconds":	0.99994897842407227,
				"bytes":	625344512,
				"bits_per_second":	5003011357.5238457,
				"retransmits":	0,
				"omitted":	false,
				"sender":	true
			}
		}, {
			"streams":	[{
					"socket":	5,
					"start":	7.000078,
					"end":	8.000129,
					"seconds":	1.0000510215759277,
					"bytes":	624558080,
					"bits_per_second":	4996209725.5061388,
					"retransmits":	0,
					"snd_cwnd":	1440626,
					"rtt":	95,
					"rttvar":	14,
					"pmtu":	65535,
					"omitted":	false,
					"sender":	true
				}],
			"sum":	{
				"start":	7.000078,
				"end":	8.000129,
				"seconds":	1.0000510215759277,
				"bytes":	624558080,
				"bits_per_second":	4996209725.5061388,
				"retransmits":	0,
				"omitted":	false,
				"sender":	true
			}
		}, {
			"streams":	[{
					"socket":	5,
					"start":	8.000129,
					"end":	9.000153,
					"seconds":	1.0000239610671997,
					"bytes":	625082368,
					"bits_per_second":	5000539125.7459736,
					"retransmits":	0,
					"snd_cwnd":	1440626,
					"rtt":	96,
					"rttvar":	14,
					"pmtu":	65535,
					"omitted":	false,
					"sender":	true
				}],
			"sum":	{
				"start":	8.000129,
				"end":	9.000153,
				"seconds":	1.0000239610671997,
				"bytes":	625082368,
				"bits_per_second":	5000539125.7459736,
				"retransmits":	0,
				"omitted":	false,
				"sender":	true
			}
		}, {
			"streams":	[{
					"socket":	5,
					"start":	9.000153,
					"end":	10.000094,
					"seconds":	0.99994099140167236,
					"bytes":	625344512,
					"bits_per_second":	5003051319.0456982,
					"retransmits":	0,
					"snd_cwnd":	1440626,
					"rtt":	85,
					"rttvar":	11,
					"pmtu":	65535,
					"omitted":	false,
					"sender":	true
				}],
			"sum":	{
				"start":	9.000153,
				"end":	10.000094,
				"seconds":	0.99994099140167236,
				"bytes":	625344512,
				"bits_per_second":	5003051319.0456982,
				"retransmits":	0,
				"omitted":	false,
				"sender":	true
			}
		}],
	"end":	{
		"streams":	[{
				"sender":	{
					"socket":	5,
					"start":	0,
					"end":	10.000094,
					"seconds":	10.000094,
					"bytes":	6249906176,
					"bits_per_second":	4999877941.9473457,
					"retransmits":	0,
					"max_snd_cwnd":	1440626,
					"max_rtt":	99,
					"min_rtt":	26,
					"mean_rtt":	74,
					"sender":	true
				},
				"receiver":	{
					"socket":	5,
					"start":	0,
					"end":	10.000143,
					"seconds":	10.000094,
					"bytes":	6249906176,
					"bits_per_second":	4999853442.8957672,
					"sender":	true
				}
			}],
		"sum_sent":	{
			"start":	0,
			"end":	10.000094,
			"seconds":	10.000094,
			"bytes":	6249906176,
			"bits_per_second":	4999877941.9473457,
			"retransmits":	0,
			"sender":	true
		},
		"sum_received":	{
			"start":	0,
			"end":	10.000143,
			"seconds":	10.000143,
			"bytes":	6249906176,
			"bits_per_second":	4999853442.8957672,
			"sender":	true
		},
		"cpu_utilization_percent":	{
			"host_total":	46.525452145742349,
			"host_user":	1.7719700000987115,
			"host_system":	44.753462203939229,
			"remote_total":	27.544403152702383,
			"remote_user":	3.4485293730684532,
			"remote_system":	24.095897700953838
		},
		"sender_tcp_congestion":	"cubic",
		"receiver_tcp_congestion":	"cubic"
	}
}
