{
	"start":	{
		"connected":	[{
				"socket":	5,
				"local_host":	"127.0.0.1",
				"local_port":	40110,
				"remote_host":	"127.0.0.1",
				"remote_port":	4040
			}],
		"version":	"iperf 3.7",
		"system_info":	"Linux nil 5.4.0-73-generic #82-Ubuntu SMP Wed Apr 14 17:39:42 UTC 2021 x86_64",
		"timestamp":	{
			"time":	"Fri, 28 May 2021 12:58:28 GMT",
			"timesecs":	1622206708
		},
		"connecting_to":	{
			"host":	"127.0.0.1",
			"port":	4040
		},
		"cookie":	"zd2ke3afwzooezvflj6llida2qi57ohlsn27",
		"tcp_mss_default":	32768,
		"target_bitrate":	5000000000,
		"sock_bufsize":	0,
		"sndbuf_actual":	16384,
		"rcvbuf_actual":	131072,
		"test_start":	{
			"protocol":	"TCP",
			"num_streams":	1,
			"blksize":	131072,
			"omit":	0,
			"duration":	10,
			"bytes":	0,
			"blocks":	0,
			"reverse":	0,
			"tos":	0
		}
	},
	"intervals":	[{
			"streams":	[{
					"socket":	5,
					"start":	0,
					"end":	1.0001,
					"seconds":	1.0001000165939331,
					"bytes":	624558080,
					"bits_per_second":	4995964960.6012316,
					"retransmits":	0,
					"snd_cwnd":	1047728,
					"rtt":	26,
					"rttvar":	8,
					"pmtu":	65535,
					"omitted":	false,
					"sender":	true
				}],
			"sum":	{
				"start":	0,
				"end":	1.0001,
				"seconds":	1.0001000165939331,
				"bytes":	624558080,
				"bits_per_second":	4995964960.6012316,
				"retransmits":	0,
				"omitted":	false,
				"sender":	true
			}
		}, {
			"streams":	[{
					"socket":	5,
					"start":	1.0001,
					"end":	2.000097,
					"seconds":	0.99999701976776123,
					"bytes":	625082368,
					"bits_per_second":	5000673847.1694145,
					"retransmits":	0,
					"snd_cwnd":	1047728,
					"rtt":	31,
					"rttvar":	4,
					"pmtu":	65535,
					"omitted":	false,
					"sender":	true
				}],
			"sum":	{
				"start":	1.0001,
				"end":	2.000097,
				"seconds":	0.99999701976776123,
				"bytes":	625082368,
				"bits_per_second":	5000673847.1694145,
				"retransmits":	0,
				"omitted":	false,
				"sender":	true
			}
		}, {
			"streams":	[{
					"socket":	5,
					"start":	2.000097,
					"end":	3.000097,
					"seconds":	1,
					"bytes":	624951296,
					"bits_per_second":	4999610368,
					"retransmits":	0,
					"snd_cwnd":	1047728,
					"rtt":	30,
					"rttvar":	4,
					"pmtu":	65535,
					"omitted":	false,
					"sender":	true
				}],
			"sum":	{
				"start":	2.000097,
				"end":	3.000097,
				"seconds":	1,
				"bytes":	624951296,
				"bits_per_second":	4999610368,
				"retransmits":	0,
				"omitted":	false,
				"sender":	true
			}
		}, {
			"streams":	[{
					"socket":	5,
					"start":	3.000097,
					"end":	4.000029,
					"seconds":	0.99993199110031128,
					"bytes":	625082368,
					"bits_per_second":	5000999056.4431734,
					"retransmits":	0,
					"snd_cwnd":	1309660,
					"rtt":	140,
					"rttvar":	43,
					"pmtu":	65535,
					"omitted":	false,
					"sender":	true
				}],
			"sum":	{
				"start":	3.000097,
				"end":	4.000029,
				"seconds":	0.99993199110031128,
				"bytes":	625082368,
				"bits_per_second":	5000999056.4431734,
				"retransmits":	0,
				"omitted":	false,
				"sender":	true
			}
		}, {
			"streams":	[{
					"socket":	5,
					"start":	4.000029,
					"end":	5.00006,
					"seconds":	1.0000309944152832,
					"bytes":	625213440,
					"bits_per_second":	5001552499.80476,
					"retransmits":	3,
					"snd_cwnd":	1768041,
					"rtt":	97,
					"rttvar":	7,
					"pmtu":	65535,
					"omitted":	false,
					"sender":	true
				}],
			"sum":	{
				"start":	4.000029,
				"end":	5.00006,
				"seconds":	1.0000309944152832,
				"bytes":	625213440,
				"bits_per_second":	5001552499.80476,
				"retransmits":	3,
				"omitted":	false,
				"sender":	true
			}
		}, {
			"streams":	[{
					"socket":	5,
					"start":	5.00006,
					"end":	6.000121,
					"seconds":	1.00006103515625,
					"bytes":	624558080,
					"bits_per_second":	4996159698.6121454,
					"retransmits":	0,
					"snd_cwnd":	1768041,
					"rtt":	89,
					"rttvar":	8,
					"pmtu":	65535,
					"omitted":	false,
					"sender":	true
				}],
			"sum":	{
				"start":	5.00006,
				"end":	6.000121,
				"seconds":	1.00006103515625,
				"bytes":	624558080,
				"bits_per_second":	4996159698.6121454,
				"retransmits":	0,
				"omitted":	false,
				"sender":	true
			}
		}, {
			"streams":	[{
					"socket":	5,
					"start":	6.000121,
					"end":	7.000147,
					"seconds":	1.0000259876251221,
					"bytes":	625082368,
					"bits_per_second":	5000528992.127141,
					"retransmits":	0,
					"snd_cwnd":	1768041,
					"rtt":	96,
					"rttvar":	8,
					"pmtu":	65535,
					"omitted":	false,
					"sender":	true
				}],
			"sum":	{
				"start":	6.000121,
				"end":	7.000147,
				"seconds":	1.0000259876251221,
				"bytes":	625082368,
				"bits_per_second":	5000528992.127141,
				"retransmits":	0,
				"omitted":	false,
				"sender":	true
			}
		}, {
			"streams":	[{
					"socket":	5,
					"start":	7.000147,
					"end":	8.000088,
					"seconds":	0.99994099140167236,
					"bytes":	625475584,
					"bits_per_second":	5004099956.92435,
					"retransmits":	0,
					"snd_cwnd":	1833524,
					"rtt":	105,
					"rttvar":	17,
					"pmtu":	65535,
					"omitted":	false,
					"sender":	true
				}],
			"sum":	{
				"start":	7.000147,
				"end":	8.000088,
				"seconds":	0.99994099140167236,
				"bytes":	625475584,
				"bits_per_second":	5004099956.92435,
				"retransmits":	0,
				"omitted":	false,
				"sender":	true
			}
		}, {
			"streams":	[{
					"socket":	5,
					"start":	8.000088,
					"end":	9.000116,
					"seconds":	1.0000280141830444,
					"bytes":	624820224,
					"bits_per_second":	4998421765.2977333,
					"retransmits":	0,
					"snd_cwnd":	1833524,
					"rtt":	70,
					"rttvar":	12,
					"pmtu":	65535,
					"omitted":	false,
					"sender":	true
				}],
			"sum":	{
				"start":	8.000088,
				"end":	9.000116,
				"seconds":	1.0000280141830444,
				"bytes":	624820224,
				"bits_per_second":	4998421765.2977333,
				"retransmits":	0,
				"omitted":	false,
				"sender":	true
			}
		}, {
			"streams":	[{
					"socket":	5,
					"start":	9.000116,
					"end":	10.000099,
					"seconds":	0.999983012676239,
					"bytes":	624951296,
					"bits_per_second":	4999695299.4427576,
					"retransmits":	0,
					"snd_cwnd":	1833524,
					"rtt":	88,
					"rttvar":	27,
					"pmtu":	65535,
					"omitted":	false,
					"sender":	true
				}],
			"sum":	{
				"start":	9.000116,
				"end":	10.000099,
				"seconds":	0.999983012676239,
				"bytes":	624951296,
				"bits_per_second":	4999695299.4427576,
				"retransmits":	0,
				"omitted":	false,
				"sender":	true
			}
		}],
	"end":	{
		"streams":	[{
				"sender":	{
					"socket":	5,
					"start":	0,
					"end":	10.000099,
					"seconds":	10.000099,
					"bytes":	6249775104,
					"bits_per_second":	4999770585.4712038,
					"retransmits":	3,
					"max_snd_cwnd":	1833524,
					"max_rtt":	140,
					"min_rtt":	26,
					"mean_rtt":	77,
					"sender":	true
				},
				"receiver":	{
					"socket":	5,
					"start":	0,
					"end":	10.000232,
					"seconds":	10.000099,
					"bytes":	6249775104,
					"bits_per_second":	4999704090.06511,
					"sender":	true
				}
			}],
		"sum_sent":	{
			"start":	0,
			"end":	10.000099,
			"seconds":	10.000099,
			"bytes":	6249775104,
			"bits_per_second":	4999770585.4712038,
			"retransmits":	3,
			"sender":	true
		},
		"sum_received":	{
			"start":	0,
			"end":	10.000232,
			"seconds":	10.000232,
			"bytes":	6249775104,
			"bits_per_second":	4999704090.06511,
			"sender":	true
		},
		"cpu_utilization_percent":	{
			"host_total":	44.891341114703515,
			"host_user":	1.5263456888940852,
			"host_system":	43.365005418579656,
			"remote_total":	12.64668771009444,
			"remote_user":	1.6052689055590499,
			"remote_system":	11.041430746101486
		},
		"sender_tcp_congestion":	"cubic",
		"receiver_tcp_congestion":	"cubic"
	}
}
