{
	"start":	{
		"connected":	[{
				"socket":	5,
				"local_host":	"127.0.0.1",
				"local_port":	38316,
				"remote_host":	"127.0.0.1",
				"remote_port":	4040
			}],
		"version":	"iperf 3.7",
		"system_info":	"Linux nil 5.4.0-73-generic #82-Ubuntu SMP Wed Apr 14 17:39:42 UTC 2021 x86_64",
		"timestamp":	{
			"time":	"Sat, 29 May 2021 12:51:26 GMT",
			"timesecs":	1622292686
		},
		"connecting_to":	{
			"host":	"127.0.0.1",
			"port":	4040
		},
		"cookie":	"aihttg3pgxoi5qh7bcnn7nu62bdktd75msgn",
		"sock_bufsize":	0,
		"sndbuf_actual":	212992,
		"rcvbuf_actual":	212992,
		"test_start":	{
			"protocol":	"UDP",
			"num_streams":	1,
			"blksize":	32768,
			"omit":	0,
			"duration":	10,
			"bytes":	0,
			"blocks":	0,
			"reverse":	0,
			"tos":	0
		}
	},
	"intervals":	[{
			"streams":	[{
					"socket":	5,
					"start":	0,
					"end":	1.000057,
					"seconds":	1.0000569820404053,
					"bytes":	624525312,
					"bits_per_second":	4995917818.40901,
					"packets":	19059,
					"omitted":	false,
					"sender":	true
				}],
			"sum":	{
				"start":	0,
				"end":	1.000057,
				"seconds":	1.0000569820404053,
				"bytes":	624525312,
				"bits_per_second":	4995917818.40901,
				"packets":	19059,
				"omitted":	false,
				"sender":	true
			}
		}, {
			"streams":	[{
					"socket":	5,
					"start":	1.000057,
					"end":	2.000057,
					"seconds":	1,
					"bytes":	625016832,
					"bits_per_second":	5000134656,
					"packets":	19074,
					"omitted":	false,
					"sender":	true
				}],
			"sum":	{
				"start":	1.000057,
				"end":	2.000057,
				"seconds":	1,
				"bytes":	625016832,
				"bits_per_second":	5000134656,
				"packets":	19074,
				"omitted":	false,
				"sender":	true
			}
		}, {
			"streams":	[{
					"socket":	5,
					"start":	2.000057,
					"end":	3.000088,
					"seconds":	1.0000309944152832,
					"bytes":	625016832,
					"bits_per_second":	4999979684.5532494,
					"packets":	19074,
					"omitted":	false,
					"sender":	true
				}],
			"sum":	{
				"start":	2.000057,
				"end":	3.000088,
				"seconds":	1.0000309944152832,
				"bytes":	625016832,
				"bits_per_second":	4999979684.5532494,
				"packets":	19074,
				"omitted":	false,
				"sender":	true
			}
		}, {
			"streams":	[{
					"socket":	5,
					"start":	3.000088,
					"end":	4.000057,
					"seconds":	0.9999690055847168,
					"bytes":	624984064,
					"bits_per_second":	5000027484.9282951,
					"packets":	19073,
					"omitted":	false,
					"sender":	true
				}],
			"sum":	{
				"start":	3.000088,
				"end":	4.000057,
				"seconds":	0.9999690055847168,
				"bytes":	624984064,
				"bits_per_second":	5000027484.9282951,
				"packets":	19073,
				"omitted":	false,
				"sender":	true
			}
		}, {
			"streams":	[{
					"socket":	5,
					"start":	4.000057,
					"end":	5.000057,
					"seconds":	1,
					"bytes":	624984064,
					"bits_per_second":	4999872512,
					"packets":	19073,
					"omitted":	false,
					"sender":	true
				}],
			"sum":	{
				"start":	4.000057,
				"end":	5.000057,
				"seconds":	1,
				"bytes":	624984064,
				"bits_per_second":	4999872512,
				"packets":	19073,
				"omitted":	false,
				"sender":	true
			}
		}, {
			"streams":	[{
					"socket":	5,
					"start":	5.000057,
					"end":	6.000064,
					"seconds":	1.0000070333480835,
					"bytes":	625016832,
					"bits_per_second":	5000099488.559845,
					"packets":	19074,
					"omitted":	false,
					"sender":	true
				}],
			"sum":	{
				"start":	5.000057,
				"end":	6.000064,
				"seconds":	1.0000070333480835,
				"bytes":	625016832,
				"bits_per_second":	5000099488.559845,
				"packets":	19074,
				"omitted":	false,
				"sender":	true
			}
		}, {
			"streams":	[{
					"socket":	5,
					"start":	6.000064,
					"end":	7.000057,
					"seconds":	0.99999302625656128,
					"bytes":	624951296,
					"bits_per_second":	4999645234.2431479,
					"packets":	19072,
					"omitted":	false,
					"sender":	true
				}],
			"sum":	{
				"start":	6.000064,
				"end":	7.000057,
				"seconds":	0.99999302625656128,
				"bytes":	624951296,
				"bits_per_second":	4999645234.2431479,
				"packets":	19072,
				"omitted":	false,
				"sender":	true
			}
		}, {
			"streams":	[{
					"socket":	5,
					"start":	7.000057,
					"end":	8.000058,
					"seconds":	1.0000009536743164,
					"bytes":	625049600,
					"bits_per_second":	5000392031.2545481,
					"packets":	19075,
					"omitted":	false,
					"sender":	true
				}],
			"sum":	{
				"start":	7.000057,
				"end":	8.000058,
				"seconds":	1.0000009536743164,
				"bytes":	625049600,
				"bits_per_second":	5000392031.2545481,
				"packets":	19075,
				"omitted":	false,
				"sender":	true
			}
		}, {
			"streams":	[{
					"socket":	5,
					"start":	8.000058,
					"end":	9.000058,
					"seconds":	1,
					"bytes":	625016832,
					"bits_per_second":	5000134656,
					"packets":	19074,
					"omitted":	false,
					"sender":	true
				}],
			"sum":	{
				"start":	8.000058,
				"end":	9.000058,
				"seconds":	1,
				"bytes":	625016832,
				"bits_per_second":	5000134656,
				"packets":	19074,
				"omitted":	false,
				"sender":	true
			}
		}, {
			"streams":	[{
					"socket":	5,
					"start":	9.000058,
					"end":	10.000061,
					"seconds":	1.0000029802322388,
					"bytes":	624984064,
					"bits_per_second":	4999857611.2631578,
					"packets":	19073,
					"omitted":	false,
					"sender":	true
				}],
			"sum":	{
				"start":	9.000058,
				"end":	10.000061,
				"seconds":	1.0000029802322388,
				"bytes":	624984064,
				"bits_per_second":	4999857611.2631578,
				"packets":	19073,
				"omitted":	false,
				"sender":	true
			}
		}],
	"end":	{
		"streams":	[{
				"udp":	{
					"socket":	5,
					"start":	0,
					"end":	10.000061,
					"seconds":	10.000061,
					"bytes":	6249545728,
					"bits_per_second":	4999606084.8028822,
					"jitter_ms":	0.0011660527895574813,
					"lost_packets":	14631,
					"packets":	190721,
					"lost_percent":	7.6714153134683647,
					"out_of_order":	0,
					"sender":	true
				}
			}],
		"sum":	{
			"start":	0,
			"end":	10.000088,
			"seconds":	10.000088,
			"bytes":	6249545728,
			"bits_per_second":	4999606084.8028822,
			"jitter_ms":	0.0011660527895574813,
			"lost_packets":	14631,
			"packets":	190721,
			"lost_percent":	7.6714153134683647,
			"sender":	true
		},
		"cpu_utilization_percent":	{
			"host_total":	17.262891681323346,
			"host_user":	0,
			"host_system":	17.262891681323346,
			"remote_total":	0.58082381835459451,
			"remote_user":	0.082095093889153564,
			"remote_system":	0.49872919223309237
		}
	}
}
